{
  "model": "SVM",
  "accuracy": 0.8431,
  "nb_accuracy": 0.8333,
  "svm_accuracy": 0.8431,
  "cv_mean": 0.7588,
  "cv_std": 0.038,
  "training_samples": 408,
  "test_samples": 102,
  "categories": [
    "bills",
    "education",
    "entertainment",
    "food",
    "freelance",
    "health",
    "investment",
    "rent",
    "salary",
    "shopping",
    "transport"
  ],
  "report": {
    "bills": {
      "precision": 0.8,
      "recall": 0.8,
      "f1-score": 0.8,
      "support": 10.0
    },
    "education": {
      "precision": 0.75,
      "recall": 0.9,
      "f1-score": 0.8181818181818182,
      "support": 10.0
    },
    "entertainment": {
      "precision": 0.875,
      "recall": 0.7,
      "f1-score": 0.7777777777777778,
      "support": 10.0
    },
    "food": {
      "precision": 1.0,
      "recall": 0.7,
      "f1-score": 0.8235294117647058,
      "support": 10.0
    },
    "freelance": {
      "precision": 0.7777777777777778,
      "recall": 0.875,
      "f1-score": 0.8235294117647058,
      "support": 8.0
    },
    "health": {
      "precision": 0.75,
      "recall": 0.9,
      "f1-score": 0.8181818181818182,
      "support": 10.0
    },
    "investment": {
      "precision": 0.8888888888888888,
      "recall": 1.0,
      "f1-score": 0.9411764705882353,
      "support": 8.0
    },
    "rent": {
      "precision": 0.8571428571428571,
      "recall": 0.75,
      "f1-score": 0.8,
      "support": 8.0
    },
    "salary": {
      "precision": 1.0,
      "recall": 1.0,
      "f1-score": 1.0,
      "support": 8.0
    },
    "shopping": {
      "precision": 0.9,
      "recall": 0.9,
      "f1-score": 0.9,
      "support": 10.0
    },
    "transport": {
      "precision": 0.8,
      "recall": 0.8,
      "f1-score": 0.8,
      "support": 10.0
    },
    "accuracy": 0.8431372549019608,
    "macro avg": {
      "precision": 0.8544372294372294,
      "recall": 0.8477272727272728,
      "f1-score": 0.8456706098417329,
      "support": 102.0
    },
    "weighted avg": {
      "precision": 0.8523576097105509,
      "recall": 0.8431372549019608,
      "f1-score": 0.8421015227243601,
      "support": 102.0
    }
  }
}